[
  {
    "id": 1746474137284,
    "postId": 1746435887016,
    "content": "Should've done better",
    "author": "Jakes"
  },
  {
    "id": 1746482618397,
    "postId": 1746435412682,
    "content": "hi",
    "author": "jenny"
  },
  {
    "id": 1746482659743,
    "postId": 1746472844953,
    "content": "hot",
    "author": "jenny"
  },
  {
    "id": 1746507502828,
    "postId": 1746435887016,
    "content": "Previous comment bad... deleted",
    "author": "admin1"
  },
  {
    "id": 1746513275137,
    "postId": 1746513251456,
    "content": "bro. that is literally disgusting. kys",
    "author": "Lyn"
  },
  {
    "id": 1746521505059,
    "postId": 1746518911211,
    "content": "hfefsf",
    "author": "Lyn"
  },
  {
    "id": 1746521508698,
    "postId": 1746518911211,
    "content": "yeah",
    "author": "Lyn"
  },
  {
    "id": 1746521545021,
    "postId": 1746472844953,
    "content": "ok ",
    "author": "Rose Lalonde"
  },
  {
    "id": 1746521563927,
    "postId": 1746479187263,
    "content": "m",
    "author": "Rose Lalonde"
  }
]