[
  {
    "id": 1746435887016,
    "title": "The Girl",
    "content": "I saw this random girl, didn't want to scare her so I ran away. Run away fly boy\n",
    "author": "Jake2"
  },
  {
    "id": 1746472844953,
    "title": "Travelling2",
    "content": "I went to a restaurant with my father\n",
    "author": "Jakes"
  },
  {
    "id": 1746479187263,
    "title": "Random2",
    "content": "Running out of time to figure this out",
    "author": "Jakes"
  },
  {
    "id": 1746526959462,
    "title": "THE BIG NEW",
    "content": "new day new uhhhh new ummmmm uhhhhh ",
    "author": "Lyn"
  }
]